City,County,2018,2019,2020,2021,2022,Average
Statewide,Statewide,"195,449","190,649","147,148","162,036","160,819","171,220.2"
"LOS ANGELES","LOS ANGELES","30,070","29,368","21,845","12,807","11,257","21,069.4"
"SAN DIEGO","SAN DIEGO","6,486","6,291","4,446","5,624","5,522","5,673.8"
SACRAMENTO,SACRAMENTO,"3,279","3,649","2,933","3,888","3,514","3,452.6"
"SAN FRANCISCO","SAN FRANCISCO","3,874","3,960","2,766","3,239","3,285","3,424.8"
"SAN JOSE","SANTA CLARA","4,119","4,004","2,619","2,997","3,286","3,405.0"
"LONG BEACH","LOS ANGELES","2,726","2,856","2,526","2,941","2,972","2,804.2"
OAKLAND,ALAMEDA,"2,628","2,479","2,161","2,020","2,164","2,290.4"
ANAHEIM,ORANGE,"2,063","2,345","1,737","2,006","2,030","2,036.2"
RIVERSIDE,RIVERSIDE,"2,116","1,951","1,597","1,822","1,832","1,863.6"
STOCKTON,"SAN JOAQUIN","1,664","1,684","1,313","1,320","1,481","1,492.4"
BAKERSFIELD,KERN,"1,510","1,611","1,470","1,412","1,310","1,462.6"
MODESTO,STANISLAUS,"1,453","1,467","1,218","1,423","1,450","1,402.2"
"SAN BERNARDINO","SAN BERNARDINO","1,361","1,554","1,348","1,371","1,302","1,387.2"
FRESNO,FRESNO,595,759,"1,204","1,498","1,707","1,152.6"
ONTARIO,"SAN BERNARDINO","1,533","1,361",549,"1,202","1,112","1,151.4"
OXNARD,VENTURA,"1,087","1,037",852,"1,017",986,995.8
LANCASTER,"LOS ANGELES",958,"1,004",822,"1,054","1,059",979.4
POMONA,"LOS ANGELES","1,058","1,066",834,946,958,972.4
"SANTA ANA",ORANGE,"1,022",403,259,"1,478","1,562",944.8
FREMONT,ALAMEDA,"1,060","1,009",645,782,808,860.8
"CHULA VISTA","SAN DIEGO",865,845,684,799,801,798.8
PASADENA,"LOS ANGELES",915,928,606,747,787,796.6
FONTANA,"SAN BERNARDINO",834,814,660,740,837,777.0
IRVINE,ORANGE,"1,045",885,539,637,722,765.6
ESCONDIDO,"SAN DIEGO",883,839,646,695,744,761.4
CORONA,RIVERSIDE,855,733,644,806,733,754.2
"HUNTINGTON BEACH",ORANGE,955,770,630,691,693,747.8
DOWNEY,"LOS ANGELES",794,899,610,676,715,738.8
ORANGE,ORANGE,859,749,614,661,774,731.4
FULLERTON,ORANGE,792,740,454,689,716,678.2
OCEANSIDE,"SAN DIEGO",724,625,571,706,734,672.0
PALMDALE,"LOS ANGELES",718,640,592,762,645,671.4
"EL CAJON","SAN DIEGO",732,755,590,635,601,662.6
"COSTA MESA",ORANGE,813,661,521,637,673,661.0
ROSEVILLE,PLACER,784,692,454,684,670,656.8
"SANTA CLARITA","LOS ANGELES",695,724,532,646,683,656.0
"GARDEN GROVE",ORANGE,698,739,480,624,664,641.0
FAIRFIELD,SOLANO,628,633,531,633,746,634.2
GLENDALE,"LOS ANGELES",757,728,438,591,607,624.2
"MORENO VALLEY",RIVERSIDE,506,528,489,813,777,622.6
VENTURA,VENTURA,661,648,501,631,631,614.4
HAYWARD,ALAMEDA,656,653,519,580,551,591.8
"SANTA ROSA",SONOMA,811,825,491,331,415,574.6
"JURUPA VALLEY",RIVERSIDE,550,587,477,501,597,542.4
TORRANCE,"LOS ANGELES",628,620,434,501,521,540.8
CONCORD,"CONTRA COSTA",612,647,429,464,542,538.8
BERKELEY,ALAMEDA,668,608,351,412,621,532.0
REDLANDS,"SAN BERNARDINO",572,609,462,477,503,524.6
"THOUSAND OAKS",VENTURA,646,615,396,482,465,520.8
VICTORVILLE,"SAN BERNARDINO",469,536,493,533,536,513.4
TEMECULA,RIVERSIDE,587,547,387,509,465,499.0
VALLEJO,SOLANO,555,519,415,509,483,496.2
WESTMINSTER,ORANGE,553,541,387,503,479,492.6
"RANCHO CUCAMONGA","SAN BERNARDINO",430,498,434,516,551,485.8
RICHMOND,"CONTRA COSTA",643,588,367,431,387,483.2
"ELK GROVE",SACRAMENTO,576,554,397,461,421,481.8
SALINAS,MONTEREY,606,541,365,481,413,481.2
HESPERIA,"SAN BERNARDINO",435,459,393,498,604,477.8
INGLEWOOD,"LOS ANGELES",563,460,422,495,434,474.8
"EL MONTE","LOS ANGELES",498,539,383,469,461,470.0
NORWALK,"LOS ANGELES",650,532,344,375,438,467.8
"WEST COVINA","LOS ANGELES",573,505,359,428,457,464.4
MERCED,MERCED,436,460,413,504,445,451.6
RIALTO,"SAN BERNARDINO",422,456,409,509,452,449.6
"SANTA BARBARA","SANTA BARBARA",504,466,337,425,460,438.4
CHINO,"SAN BERNARDINO",513,487,339,401,415,431.0
SUNNYVALE,"SANTA CLARA",588,596,253,321,392,430.0
CARLSBAD,"SAN DIEGO",458,428,325,417,444,414.4
"SANTA MONICA","LOS ANGELES",572,509,56,453,474,412.8
"SOUTH GATE","LOS ANGELES",411,494,356,408,393,412.4
COMPTON,"LOS ANGELES",377,380,338,426,535,411.2
VISALIA,TULARE,452,463,361,387,383,409.2
"BEVERLY HILLS","LOS ANGELES",497,470,321,383,367,407.6
HEMET,RIVERSIDE,475,454,369,386,338,404.4
UPLAND,"SAN BERNARDINO",407,326,304,482,503,404.4
"SANTA MARIA","SANTA BARBARA",436,367,352,422,428,401.0
COLTON,"SAN BERNARDINO",399,464,323,397,420,400.6
TUSTIN,ORANGE,499,465,268,360,353,389.0
CARSON,"LOS ANGELES",442,402,320,375,393,386.4
"BALDWIN PARK","LOS ANGELES",458,410,315,365,365,382.6
"NEWPORT BEACH",ORANGE,430,407,347,389,338,382.2
BELLFLOWER,"LOS ANGELES",376,389,278,417,418,375.6
ALHAMBRA,"LOS ANGELES",493,420,290,322,349,374.8
"BUENA PARK",ORANGE,480,390,272,356,346,368.8
"DIAMOND BAR","LOS ANGELES",415,434,255,384,354,368.4
"SANTA FE SPRINGS","LOS ANGELES",417,390,272,401,362,368.4
"FOUNTAIN VALLEY",ORANGE,413,411,284,355,332,359.0
LIVERMORE,ALAMEDA,449,389,280,324,351,358.6
WHITTIER,"LOS ANGELES",450,409,294,324,290,353.4
"NATIONAL CITY","SAN DIEGO",387,399,337,351,284,351.6
HAWTHORNE,"LOS ANGELES",473,394,276,283,316,348.4
TURLOCK,STANISLAUS,335,396,317,359,314,344.2
"SIMI VALLEY",VENTURA,377,376,314,308,329,340.8
REDDING,SHASTA,345,383,370,376,227,340.2
CERRITOS,"LOS ANGELES",389,372,256,336,343,339.2
"SAN MATEO","SAN MATEO",460,435,297,254,241,337.4
MANTECA,"SAN JOAQUIN",361,365,327,338,293,336.8
PLEASANTON,ALAMEDA,463,361,207,296,337,332.8
"SANTA CLARA","SANTA CLARA",422,384,239,253,346,328.8
MURRIETA,RIVERSIDE,290,365,276,328,381,328.0
LYNWOOD,"LOS ANGELES",336,342,306,320,293,319.4
"MOUNTAIN VIEW","SANTA CLARA",383,385,207,246,375,319.2
"MISSION VIEJO",ORANGE,359,342,245,331,285,312.4
"SAN LEANDRO",ALAMEDA,353,336,278,291,292,310.0
VACAVILLE,SOLANO,325,305,275,292,339,307.2
"LA MESA","SAN DIEGO",313,331,265,319,285,302.6
"REDWOOD CITY","SAN MATEO",345,368,253,247,297,302.0
PERRIS,RIVERSIDE,289,294,294,343,278,299.6
"CITRUS HEIGHTS",SACRAMENTO,332,305,258,280,302,295.4
"WEST SACRAMENTO",YOLO,279,299,271,313,273,287.0
"WALNUT CREEK","CONTRA COSTA",328,347,221,250,286,286.4
VISTA,"SAN DIEGO",266,295,263,300,292,283.2
"PALO ALTO","SANTA CLARA",433,376,192,242,166,281.8
"SAN RAFAEL",MARIN,313,305,228,259,292,279.4
MONTCLAIR,"SAN BERNARDINO",270,293,227,307,279,275.2
MILPITAS,"SANTA CLARA",336,290,196,233,300,271.0
CAMARILLO,VENTURA,326,319,219,227,262,270.6
"PALM SPRINGS",RIVERSIDE,297,285,193,237,325,267.4
"SAN MARCOS","SAN DIEGO",344,299,192,251,249,267.0
CHICO,BUTTE,287,292,203,262,285,265.8
CLOVIS,FRESNO,276,302,211,258,281,265.6
ANTIOCH,"CONTRA COSTA",302,289,240,221,267,263.8
MENIFEE,RIVERSIDE,260,260,227,288,284,263.8
LAKEWOOD,"LOS ANGELES",288,271,208,236,308,262.2
"YUBA CITY",SUTTER,295,293,236,252,222,259.6
"DALY CITY","SAN MATEO",294,287,179,240,294,258.8
"RANCHO CORDOVA",SACRAMENTO,317,263,252,238,221,258.2
PORTERVILLE,TULARE,248,261,220,254,308,258.2
COMMERCE,"LOS ANGELES",272,269,198,259,292,258.0
"MONTEREY PARK","LOS ANGELES",301,294,222,209,264,258.0
NAPA,NAPA,272,304,216,238,258,257.6
TRACY,"SAN JOAQUIN",283,305,244,220,206,251.6
GLENDORA,"LOS ANGELES",301,282,160,236,265,248.8
ARCADIA,"LOS ANGELES",273,269,187,218,244,238.2
ROSEMEAD,"LOS ANGELES",293,279,187,197,220,235.2
GARDENA,"LOS ANGELES",319,279,249,306,10,232.6
"SOUTH SAN FRANCISCO","SAN MATEO",285,272,147,205,248,231.4
"REDONDO BEACH","LOS ANGELES",256,226,176,231,261,230.0
INDIO,RIVERSIDE,312,280,190,180,180,228.4
BREA,ORANGE,292,243,198,206,195,226.8
BURBANK,"LOS ANGELES",171,173,113,122,541,224.0
"CULVER CITY","LOS ANGELES",377,357,191,88,107,224.0
"LAKE ELSINORE",RIVERSIDE,240,237,189,244,207,223.4
PARAMOUNT,"LOS ANGELES",244,202,168,249,244,221.4
IRWINDALE,"LOS ANGELES",259,258,177,209,194,219.4
PITTSBURG,"CONTRA COSTA",279,264,184,159,198,216.8
FOLSOM,SACRAMENTO,248,245,185,179,200,211.4
"LA HABRA",ORANGE,255,227,125,199,247,210.6
AZUSA,"LOS ANGELES",276,224,173,181,188,208.4
PETALUMA,SONOMA,237,247,142,188,213,205.4
"WEST HOLLYWOOD","LOS ANGELES",234,223,137,191,223,201.6
BELL,"LOS ANGELES",232,234,158,189,184,199.4
ENCINITAS,"SAN DIEGO",217,249,174,165,191,199.2
"APPLE VALLEY","SAN BERNARDINO",141,196,223,217,217,198.8
"SAN JACINTO",RIVERSIDE,197,199,174,201,215,197.2
GILROY,"SANTA CLARA",244,234,143,172,192,197.0
"PALM DESERT",RIVERSIDE,176,180,159,231,230,195.2
MONTEBELLO,"LOS ANGELES",327,334,103,57,138,191.8
MONROVIA,"LOS ANGELES",220,220,158,159,179,187.2
"LAKE FOREST",ORANGE,194,192,143,204,193,185.2
CLAREMONT,"LOS ANGELES",198,203,164,164,184,182.6
EASTVALE,RIVERSIDE,225,209,160,149,166,181.8
"UNION CITY",ALAMEDA,192,179,158,194,159,176.4
INDUSTRY,"LOS ANGELES",225,181,132,198,133,173.8
DAVIS,YOLO,200,221,116,164,165,173.2
"SAN LUIS OBISPO","SAN LUIS OBISPO",191,198,103,194,178,172.8
EUREKA,HUMBOLDT,189,197,158,158,159,172.2
"HUNTINGTON PARK","LOS ANGELES",167,205,152,166,171,172.2
HIGHLAND,"SAN BERNARDINO",155,154,172,189,186,171.2
HANFORD,KINGS,181,179,144,172,174,170.0
"SAN CLEMENTE",ORANGE,178,153,118,178,218,169.0
CERES,STANISLAUS,195,180,152,170,146,168.6
VERNON,"LOS ANGELES",189,188,132,151,174,166.8
YUCAIPA,"SAN BERNARDINO",191,182,156,149,155,166.6
"LOS BANOS",MERCED,163,166,142,180,169,164.0
"SAN RAMON","CONTRA COSTA",234,187,107,108,183,163.8
"MENLO PARK","SAN MATEO",200,212,108,120,165,161.0
"LAGUNA HILLS",ORANGE,184,170,130,152,159,159.0
MADERA,MADERA,150,146,153,190,151,158.0
NOVATO,MARIN,182,184,117,119,150,150.4
"SANTA CRUZ","SANTA CRUZ",184,194,90,135,144,149.4
"SIGNAL HILL","LOS ANGELES",155,163,127,132,164,148.2
"PICO RIVERA","LOS ANGELES",163,143,106,148,173,146.6
"SAN DIMAS","LOS ANGELES",168,167,125,125,138,144.6
MONTEREY,MONTEREY,194,187,95,101,145,144.4
CUPERTINO,"SANTA CLARA",210,155,101,93,163,144.4
BRENTWOOD,"CONTRA COSTA",168,152,120,141,137,143.6
"LA MIRADA","LOS ANGELES",169,154,107,135,136,140.2
ROCKLIN,PLACER,145,143,110,138,149,137.0
"BELL GARDENS","LOS ANGELES",155,146,94,130,155,136.0
MALIBU,"LOS ANGELES",136,127,134,150,132,135.8
"SAN GABRIEL","LOS ANGELES",172,178,89,127,113,135.8
WOODLAND,YOLO,139,158,131,127,119,134.8
LODI,"SAN JOAQUIN",143,148,112,139,130,134.4
GOLETA,"SANTA BARBARA",153,151,115,125,127,134.2
CYPRESS,ORANGE,166,172,96,102,129,133.0
"SAN BRUNO","SAN MATEO",167,175,96,113,112,132.6
ALAMEDA,ALAMEDA,174,172,151,140,11,129.6
"LAGUNA NIGUEL",ORANGE,162,126,95,128,137,129.6
WATSONVILLE,"SANTA CRUZ",146,120,110,131,136,128.6
"SEAL BEACH",ORANGE,195,160,109,81,94,127.8
BEAUMONT,RIVERSIDE,122,148,109,95,158,126.4
LATHROP,"SAN JOAQUIN",129,147,100,129,109,122.8
NEWARK,ALAMEDA,150,144,82,117,119,122.4
"LOS GATOS","SANTA CLARA",154,136,106,106,108,122.0
"MORGAN HILL","SANTA CLARA",162,139,83,110,114,121.6
"SAN PABLO","CONTRA COSTA",142,153,98,84,119,119.2
"EAST PALO ALTO","SAN MATEO",138,130,107,98,104,115.4
OROVILLE,BUTTE,127,154,106,102,87,115.2
"SAN JUAN CAPISTRANO",ORANGE,131,123,80,115,126,115.0
"PLEASANT HILL","CONTRA COSTA",147,115,81,100,128,114.2
DUBLIN,ALAMEDA,127,140,72,108,113,112.0
"CHINO HILLS","SAN BERNARDINO",110,132,100,100,118,112.0
"LEMON GROVE","SAN DIEGO",95,104,92,129,138,111.6
PLACENTIA,ORANGE,92,25,115,171,150,110.6
BANNING,RIVERSIDE,94,84,95,115,162,110.0
"EL CENTRO",IMPERIAL,115,118,87,108,118,109.2
"CATHEDRAL CITY",RIVERSIDE,143,139,92,86,85,109.0
LOMPOC,"SANTA BARBARA",116,115,89,117,103,108.0
MARTINEZ,"CONTRA COSTA",100,119,98,109,112,107.6
"ROHNERT PARK",SONOMA,129,108,65,103,122,105.4
STANTON,ORANGE,101,85,94,123,122,105.0
EMERYVILLE,ALAMEDA,132,134,90,76,92,104.8
LAWNDALE,"LOS ANGELES",106,120,81,112,103,104.4
CALABASAS,"LOS ANGELES",134,108,75,95,108,104.0
"LAGUNA BEACH",ORANGE,135,99,98,77,106,103.0
BURLINGAME,"SAN MATEO",140,109,82,87,95,102.6
"SOUTH EL MONTE","LOS ANGELES",119,111,93,89,98,102.0
COVINA,"LOS ANGELES",136,88,81,86,100,98.2
DUARTE,"LOS ANGELES",137,98,83,90,79,97.4
CAMPBELL,"SANTA CLARA",130,128,49,63,107,95.4
"SAN FERNANDO","LOS ANGELES",97,94,91,91,96,93.8
NORCO,RIVERSIDE,114,89,71,90,100,92.8
"LA QUINTA",RIVERSIDE,87,83,83,87,108,89.6
CORONADO,"SAN DIEGO",101,94,70,79,100,88.8
"DANA POINT",ORANGE,111,78,65,88,101,88.6
PACIFICA,"SAN MATEO",102,120,78,70,73,88.6
"DESERT HOT SPRINGS",RIVERSIDE,63,109,65,85,119,88.2
"LOMA LINDA","SAN BERNARDINO",100,90,74,104,72,88.0
"TEMPLE CITY","LOS ANGELES",114,107,68,64,80,86.6
"PASO ROBLES","SAN LUIS OBISPO",118,91,78,96,47,86.0
ATWATER,MERCED,62,68,88,131,80,85.8
ATASCADERO,"SAN LUIS OBISPO",79,103,84,87,74,85.4
"LA VERNE","LOS ANGELES",70,79,80,95,92,83.2
POWAY,"SAN DIEGO",101,84,55,78,98,83.2
MOORPARK,VENTURA,82,93,59,89,91,82.8
BARSTOW,"SAN BERNARDINO",84,98,68,89,66,81.0
SANTEE,"SAN DIEGO",107,56,76,83,81,80.6
"SAN CARLOS","SAN MATEO",102,73,75,69,80,79.8
COACHELLA,RIVERSIDE,70,98,60,75,91,78.8
TULARE,TULARE,66,95,80,73,79,78.6
"LA PUENTE","LOS ANGELES",101,74,56,88,73,78.4
ARTESIA,"LOS ANGELES",85,96,63,68,75,77.4
HOLLISTER,"SAN BENITO",85,54,62,72,112,77.0
"FOSTER CITY","SAN MATEO",93,90,59,71,69,76.4
WILDOMAR,RIVERSIDE,94,81,50,70,82,75.4
"LOS ALTOS","SANTA CLARA",85,94,69,54,64,73.2
BENICIA,SOLANO,76,70,73,68,78,73.0
"SUISUN CITY",SOLANO,70,71,65,61,97,72.8
"AGOURA HILLS","LOS ANGELES",57,85,61,67,81,70.2
DANVILLE,"CONTRA COSTA",68,97,56,68,58,69.4
"LA PALMA",ORANGE,83,65,68,68,63,69.4
ALBANY,ALAMEDA,98,69,48,69,61,69.0
"RANCHO MIRAGE",RIVERSIDE,93,70,53,60,64,68.0
"SOUTH PASADENA","LOS ANGELES",78,75,55,66,62,67.2
SEASIDE,MONTEREY,104,58,47,54,73,67.2
DELANO,KERN,138,23,17,42,115,67.0
"LOS ALAMITOS",ORANGE,85,69,51,70,60,67.0
LAFAYETTE,"CONTRA COSTA",67,63,55,78,70,66.6
SARATOGA,"SANTA CLARA",75,58,53,82,64,66.4
"MANHATTAN BEACH","LOS ANGELES",65,67,44,65,87,65.6
RIDGECREST,KERN,68,60,45,77,69,63.8
LINCOLN,PLACER,64,64,58,71,59,63.2
BELMONT,"SAN MATEO",67,77,46,63,63,63.2
"EL SEGUNDO","LOS ANGELES",102,49,30,51,75,61.4
"RED BLUFF",TEHAMA,51,69,60,71,53,60.8
GALT,SACRAMENTO,67,73,50,49,64,60.6
ADELANTO,"SAN BERNARDINO",49,68,55,66,61,59.8
MILLBRAE,"SAN MATEO",65,62,48,53,70,59.6
"GRAND TERRACE","SAN BERNARDINO",76,49,51,56,65,59.4
RIVERBANK,STANISLAUS,47,50,56,59,85,59.4
WALNUT,"LOS ANGELES",67,75,35,63,54,58.8
"YORBA LINDA",ORANGE,95,59,39,48,53,58.8
SELMA,FRESNO,57,50,44,65,74,58.0
TRUCKEE,NEVADA,60,64,40,73,50,57.4
"LA CANADA-FLINTRIDGE","LOS ANGELES",71,46,49,54,66,57.2
"PISMO BEACH","SAN LUIS OBISPO",55,53,47,71,56,56.4
"ARROYO GRANDE","SAN LUIS OBISPO",38,64,45,85,45,55.4
"SANTA PAULA",VENTURA,55,74,50,53,45,55.4
MARINA,MONTEREY,47,50,41,69,68,55.0
"SAN MARINO","LOS ANGELES",81,51,65,63,14,54.8
OAKDALE,STANISLAUS,63,64,39,50,57,54.6
HERCULES,"CONTRA COSTA",49,58,51,65,49,54.4
DIXON,SOLANO,62,45,41,50,66,52.8
CLEARLAKE,LAKE,17,16,57,93,76,51.8
PINOLE,"CONTRA COSTA",52,59,39,50,53,50.6
OAKLEY,"CONTRA COSTA",53,48,38,46,64,49.8
"YUCCA VALLEY","SAN BERNARDINO",51,52,41,56,49,49.8
"ALISO VIEJO",ORANGE,51,50,30,55,60,49.2
MARYSVILLE,YUBA,60,45,35,44,62,49.2
"AMERICAN CANYON",NAPA,58,50,52,42,43,49.0
"PORT HUENEME",VENTURA,47,42,35,65,52,48.2
PARADISE,BUTTE,112,30,31,28,34,47.0
"SOLANA BEACH","SAN DIEGO",59,52,44,40,35,46.0
"HERMOSA BEACH","LOS ANGELES",49,54,49,35,41,45.6
ORINDA,"CONTRA COSTA",36,54,44,48,44,45.2
RIPON,"SAN JOAQUIN",53,45,37,48,39,44.4
SHAFTER,KERN,41,43,49,46,41,44.0
"CORTE MADERA",MARIN,48,63,35,42,32,44.0
"RANCHO SANTA MARGARITA",ORANGE,51,49,28,37,52,43.4
AUBURN,PLACER,36,43,38,56,44,43.4
FILLMORE,VENTURA,55,45,30,43,39,42.4
UKIAH,MENDOCINO,53,44,36,37,38,41.6
"IMPERIAL BEACH","SAN DIEGO",32,45,34,54,41,41.2
CORCORAN,KINGS,43,31,40,42,49,41.0
WOODSIDE,"SAN MATEO",34,45,37,43,45,40.8
LARKSPUR,MARIN,54,44,29,37,39,40.6
WINDSOR,SONOMA,45,39,34,35,43,39.2
CARPINTERIA,"SANTA BARBARA",60,27,41,32,34,38.8
REEDLEY,FRESNO,53,51,32,30,27,38.6
"TWENTYNINE PALMS","SAN BERNARDINO",36,42,32,41,42,38.6
BRISBANE,"SAN MATEO",45,38,29,30,45,37.4
"SOUTH LAKE TAHOE","EL DORADO",23,29,21,42,70,37.0
MAYWOOD,"LOS ANGELES",41,33,28,32,44,35.6
CUDAHY,"LOS ANGELES",46,34,27,28,42,35.4
"EL CERRITO","CONTRA COSTA",24,40,36,34,38,34.4
SANGER,FRESNO,49,38,27,29,27,34.0
ARCATA,HUMBOLDT,36,43,30,22,39,34.0
SEBASTOPOL,SONOMA,44,51,32,30,11,33.6
CALIMESA,RIVERSIDE,37,25,16,36,51,33.0
PATTERSON,STANISLAUS,35,35,38,26,31,33.0
ANDERSON,SHASTA,21,22,36,52,33,32.8
PLACERVILLE,"EL DORADO",38,27,30,26,41,32.4
"HAWAIIAN GARDENS","LOS ANGELES",39,32,21,35,30,31.4
SONORA,TUOLUMNE,46,43,30,20,18,31.4
LIVINGSTON,MERCED,34,24,34,39,25,31.2
ARVIN,KERN,24,46,26,31,27,30.8
"SAN ANSELMO",MARIN,42,30,22,25,35,30.8
WASCO,KERN,23,30,29,35,33,30.0
LEMOORE,KINGS,53,39,19,18,19,29.6
"MILL VALLEY",MARIN,27,18,23,35,45,29.6
"GRASS VALLEY",NEVADA,32,33,38,23,21,29.4
"HALF MOON BAY","SAN MATEO",34,20,31,28,33,29.2
LINDSAY,TULARE,26,38,22,31,28,29.0
SONOMA,SONOMA,28,22,27,31,36,28.8
COTATI,SONOMA,35,38,21,25,24,28.6
"BIG BEAR LAKE","SAN BERNARDINO",34,29,26,33,18,28.0
"GROVER BEACH","SAN LUIS OBISPO",28,18,30,26,38,28.0
SAUSALITO,MARIN,44,31,26,17,15,26.6
"LOS ALTOS HILLS","SANTA CLARA",40,22,20,17,34,26.6
BRAWLEY,IMPERIAL,32,18,25,24,33,26.4
TAFT,KERN,30,24,25,31,21,26.2
HEALDSBURG,SONOMA,29,34,24,18,21,25.2
CALEXICO,IMPERIAL,81,41,1,0,1,24.8
"WESTLAKE VILLAGE","LOS ANGELES",25,26,22,20,31,24.8
ATHERTON,"SAN MATEO",38,39,17,10,17,24.2
KINGSBURG,FRESNO,21,18,28,36,17,24.0
"PACIFIC GROVE",MONTEREY,27,22,30,24,17,24.0
TEHACHAPI,KERN,13,33,23,21,26,23.2
OJAI,VENTURA,26,31,15,20,24,23.2
"INDIAN WELLS",RIVERSIDE,40,21,14,15,25,23.0
"CALIFORNIA CITY",KERN,23,14,23,35,11,21.2
CAPITOLA,"SANTA CRUZ",29,14,10,25,26,20.8
"FORT BRAGG",MENDOCINO,14,28,22,23,14,20.2
"LAGUNA WOODS",ORANGE,21,29,13,17,17,19.4
"DEL MAR","SAN DIEGO",24,27,16,14,16,19.4
"SCOTTS VALLEY","SANTA CRUZ",24,16,11,25,21,19.4
"RIO VISTA",SOLANO,25,23,15,15,17,19.0
ESCALON,"SAN JOAQUIN",17,22,20,16,19,18.8
"MORRO BAY","SAN LUIS OBISPO",19,15,14,25,19,18.4
SOLEDAD,MONTEREY,21,11,12,20,26,18.0
FORTUNA,HUMBOLDT,24,23,13,10,18,17.6
YREKA,SISKIYOU,29,23,17,10,7,17.2
"LIVE OAK",SUTTER,23,22,15,12,14,17.2
GREENFIELD,MONTEREY,15,14,19,18,18,16.8
"SAINT HELENA",NAPA,24,22,15,14,9,16.8
GRIDLEY,BUTTE,16,13,16,23,14,16.4
"PALOS VERDES EST","LOS ANGELES",15,6,9,22,24,15.2
"KING CITY",MONTEREY,8,10,7,26,25,15.2
LAKEPORT,LAKE,19,14,16,12,13,14.8
LOOMIS,PLACER,15,15,15,16,11,14.4
NEEDLES,"SAN BERNARDINO",9,20,10,16,15,14.0
PARLIER,FRESNO,13,16,18,14,8,13.8
FOWLER,FRESNO,22,21,6,10,8,13.4
FAIRFAX,MARIN,15,13,9,16,14,13.4
CHOWCHILLA,MADERA,26,16,6,7,11,13.2
BLYTHE,RIVERSIDE,7,16,13,17,10,12.6
NEWMAN,STANISLAUS,18,8,10,14,10,12.0
CALISTOGA,NAPA,12,16,9,10,11,11.6
FARMERSVILLE,TULARE,14,7,10,14,13,11.6
AVENAL,KINGS,14,13,12,10,7,11.2
CARMEL,MONTEREY,6,19,12,9,10,11.2
HILLSBOROUGH,"SAN MATEO",20,13,2,8,13,11.2
WHEATLAND,YUBA,3,14,15,10,13,11.0
MENDOTA,FRESNO,21,12,5,11,5,10.8
ORLAND,GLENN,12,11,9,16,6,10.8
JACKSON,AMADOR,16,8,5,13,10,10.4
"NEVADA CITY",NEVADA,19,14,5,8,5,10.2
PIEDMONT,ALAMEDA,15,6,7,11,11,10.0
MORAGA,"CONTRA COSTA",10,14,4,10,11,9.8
AVALON,"LOS ANGELES",0,11,7,13,18,9.8
"LA HABRA HEIGHTS","LOS ANGELES",10,12,11,8,8,9.8
SOLVANG,"SANTA BARBARA",10,13,10,10,6,9.8
COLUSA,COLUSA,12,15,8,8,5,9.6
"SIERRA MADRE","LOS ANGELES",12,12,1,5,18,9.6
CLOVERDALE,SONOMA,13,9,9,12,5,9.6
GONZALES,MONTEREY,9,9,6,14,9,9.4
BUELLTON,"SANTA BARBARA",10,9,4,12,10,9.0
HUGHSON,STANISLAUS,10,4,10,9,12,9.0
EXETER,TULARE,13,18,9,3,0,8.6
"CANYON LAKE",RIVERSIDE,11,7,6,11,7,8.4
"SUTTER CREEK",AMADOR,7,15,8,4,6,8.0
"ANGELS CAMP",CALAVERAS,6,5,9,10,9,7.8
"PORTOLA VALLEY","SAN MATEO",7,11,6,8,7,7.8
CLAYTON,"CONTRA COSTA",5,7,7,10,9,7.6
WINTERS,YOLO,9,3,9,6,9,7.2
COALINGA,FRESNO,13,12,4,5,0,6.8
SUSANVILLE,LASSEN,1,0,2,17,14,6.8
WATERFORD,STANISLAUS,6,5,4,10,9,6.8
KERMAN,FRESNO,27,4,0,0,1,6.4
WILLITS,MENDOCINO,4,8,6,7,6,6.2
GUADALUPE,"SANTA BARBARA",4,9,6,3,9,6.2
"MOUNT SHASTA",SISKIYOU,6,6,5,6,8,6.2
FIREBAUGH,FRESNO,10,9,6,1,4,6.0
WOODLAKE,TULARE,0,8,8,8,5,5.8
BISHOP,INYO,1,2,8,5,12,5.6
"SHASTA LAKE",SHASTA,2,4,6,7,8,5.4
WEED,SISKIYOU,7,7,0,6,5,5.0
WILLIAMS,COLUSA,11,5,2,1,5,4.8
COLFAX,PLACER,4,4,4,5,7,4.8
"VILLA PARK",ORANGE,3,7,3,6,4,4.6
IONE,AMADOR,5,5,6,5,0,4.2
"MAMMOTH LAKES",MONO,13,2,0,1,5,4.2
ROSS,MARIN,3,2,5,3,7,4.0
YOUNTVILLE,NAPA,3,4,7,3,3,4.0
GUSTINE,MERCED,4,0,0,0,15,3.8
TIBURON,MARIN,5,7,1,2,1,3.2
BROADMOOR,"SAN MATEO",0,2,8,5,1,3.2
ISLETON,SACRAMENTO,1,1,1,6,3,2.4
COLMA,"SAN MATEO",10,1,0,1,0,2.4
"MONTE SERENO","SANTA CLARA",1,0,2,7,2,2.4
"DOS PALOS",MERCED,0,1,0,6,3,2.0
"DEL REY OAKS",MONTEREY,0,1,0,3,6,2.0
"SAN JUAN BAUTISTA","SAN BENITO",3,3,1,2,1,2.0
"CRESCENT CITY","DEL NORTE",1,3,2,2,1,1.8
IMPERIAL,IMPERIAL,1,4,0,3,1,1.8
CORNING,TEHAMA,0,1,3,2,1,1.4
TEHAMA,TEHAMA,0,0,0,3,4,1.4
"BEAR VALLEY SPRINGS",KERN,1,5,0,0,0,1.2
DUNSMUIR,SISKIYOU,2,0,0,3,1,1.2
DINUBA,TULARE,1,1,2,2,0,1.2
PLYMOUTH,AMADOR,0,0,1,1,3,1.0
KENSINGTON,"CONTRA COSTA",1,0,0,3,1,1.0
DORRIS,SISKIYOU,3,0,1,0,1,1.0
WESTMORLAND,IMPERIAL,1,3,0,0,0,0.8
LOMITA,"LOS ANGELES",1,1,1,1,0,0.8
"RANCHO PALOS VERDES","LOS ANGELES",1,3,0,0,0,0.8
"SAND CITY",MONTEREY,0,1,1,1,1,0.8
"AMADOR CITY",AMADOR,0,1,0,1,1,0.6
WILLOWS,GLENN,1,0,1,1,0,0.6
"HIDDEN HILLS","LOS ANGELES",2,0,1,0,0,0.6
BIGGS,BUTTE,0,0,2,0,0,0.4
FERNDALE,HUMBOLDT,0,0,1,1,0,0.4
BELVEDERE,MARIN,1,0,1,0,0,0.4
ALTURAS,MODOC,0,0,0,1,1,0.4
PORTOLA,PLUMAS,1,1,0,0,0,0.4
MONTAGUE,SISKIYOU,1,0,0,0,1,0.4
HURON,FRESNO,0,0,1,0,0,0.2
"ORANGE COVE",FRESNO,1,0,0,0,0,0.2
"SAN JOAQUIN",FRESNO,1,0,0,0,0,0.2
"RIO DELL",HUMBOLDT,0,0,0,0,1,0.2
TRINIDAD,HUMBOLDT,0,0,0,0,1,0.2
MARICOPA,KERN,0,1,0,0,0,0.2
MCFARLAND,KERN,0,1,0,0,0,0.2
"POINT ARENA",MENDOCINO,1,0,0,0,0,0.2
LOYALTON,SIERRA,0,1,0,0,0,0.2
ETNA,SISKIYOU,0,0,0,0,1,0.2
"FORT JONES",SISKIYOU,1,0,0,0,0,0.2
"BLUE LAKE",HUMBOLDT,0,0,0,0,0,0.0
CALIPATRIA,IMPERIAL,0,0,0,0,0,0.0
HOLTVILLE,IMPERIAL,0,0,0,0,0,0.0
BRADBURY,"LOS ANGELES",0,0,0,0,0,0.0
"ROLLING HILLS","LOS ANGELES",0,0,0,0,0,0.0
"ROLLING HILLS EST","LOS ANGELES",0,0,0,0,0,0.0
TULELAKE,SISKIYOU,0,0,0,0,0,0.0
